                  epoch,         train/box_loss,         train/cls_loss,         train/dfl_loss,   metrics/precision(B),      metrics/recall(B),       metrics/mAP50(B),    metrics/mAP50-95(B),           val/box_loss,           val/cls_loss,           val/dfl_loss,                 lr/pg0,                 lr/pg1,                 lr/pg2
                      1,                 4.4892,                 4.7123,                 4.2368,                0.00073,                0.04894,                0.00042,                0.00014,                    5.2,                 4.6755,                 4.1598,              3.334e-05,              3.334e-05,              3.334e-05
                      2,                 4.8003,                 4.7583,                 4.2224,                0.00084,                0.06772,                0.00047,                0.00015,                 5.2004,                 4.6761,                 4.1606,             6.6847e-05,             6.6847e-05,             6.6847e-05
                      3,                 4.5593,                 4.7755,                 4.2194,                0.00094,                0.09153,                0.00055,                0.00018,                 5.2006,                 4.6769,                 4.1611,             8.0549e-05,             8.0549e-05,             8.0549e-05
                      4,                 4.5681,                 4.5358,                  4.205,                0.00106,                 0.1078,                0.00063,                0.00026,                 5.2006,                 4.6772,                 4.1613,             7.4448e-05,             7.4448e-05,             7.4448e-05
                      5,                  4.548,                 4.5146,                 4.2136,                 0.0012,                0.11031,                0.00071,                0.00026,                 5.2012,                 4.6765,                 4.1615,             4.8543e-05,             4.8543e-05,             4.8543e-05
